id,date,value,min
1,29/07/1951,1,22
2,30/07/1951,1,20.9
3,06/08/1951,1,20
4,23/06/1952,1,20
5,25/06/1952,1,20.4
6,30/06/1952,1,20.4
7,01/07/1952,1,20.1
8,06/08/1952,1,20
9,12/08/1952,1,21.2
10,13/08/1952,1,20.8
11,14/08/1952,1,21.2
12,28/08/1952,1,20.6
13,21/07/1953,1,20.4
14,26/07/1954,1,21.7
15,09/08/1954,1,22.6
16,18/07/1955,1,20.4
17,20/08/1955,1,21
18,06/07/1956,1,20.8
19,08/07/1956,1,21.4
20,18/08/1956,1,21.7
21,13/09/1956,1,20
22,05/07/1957,1,20.4
23,03/08/1957,1,20.4
24,04/08/1957,1,20.4
25,06/08/1957,1,20
26,07/08/1957,1,20.4
27,09/08/1957,1,23.4
28,13/07/1958,1,20.5
29,15/07/1958,1,20
30,28/07/1958,1,20.2
31,29/07/1958,1,22
32,30/07/1958,1,22.2
33,31/07/1958,1,21.5
34,09/08/1958,1,20.5
35,28/08/1958,1,20.4
36,29/08/1958,1,21.3
37,08/09/1958,1,20.4
38,23/06/1959,1,20.5
39,11/07/1959,1,20
40,14/08/1959,1,20
41,27/05/1960,1,20
42,20/06/1960,1,22.2
43,21/06/1960,1,21
44,18/07/1960,1,20.2
45,26/07/1960,1,20.2
46,29/07/1960,1,20.9
47,23/06/1961,1,20.2
48,24/06/1961,1,21.2
49,31/07/1961,1,20
50,06/08/1961,1,20.6
51,07/08/1961,1,20
52,08/08/1961,1,20
53,20/07/1962,1,20.4
54,25/07/1962,1,20.4
55,01/08/1962,1,20.2
56,14/08/1962,1,21.4
57,20/08/1962,1,20.4
58,31/08/1962,1,22
59,16/07/1963,1,20
60,25/07/1963,1,21.4
61,26/07/1963,1,20.2
62,31/07/1963,1,20
63,16/07/1964,1,20
64,17/07/1964,1,20.2
65,21/07/1964,1,21.4
66,22/07/1964,1,20
67,26/07/1964,1,21.2
68,04/08/1964,1,20.4
69,05/08/1964,1,20
70,06/08/1964,1,20.4
71,02/09/1964,1,20.2
72,27/06/1965,1,20.2
73,06/08/1965,1,21.8
74,04/08/1966,1,20.4
75,12/07/1967,1,20.4
76,17/07/1967,1,20.3
77,20/07/1967,1,22.3
78,21/07/1967,1,20
79,27/07/1967,1,20
80,01/08/1967,1,21.3
81,02/08/1967,1,20.2
82,10/07/1968,1,20.7
83,27/07/1968,1,20.2
84,31/07/1968,1,20.4
85,21/09/1968,1,21.2
86,20/07/1969,1,22.4
87,21/07/1969,1,21.4
88,22/07/1969,1,20.4
89,24/07/1969,1,20
90,05/08/1969,1,20
91,09/08/1969,1,22.4
92,10/08/1969,1,20.2
93,12/08/1969,1,20.6
94,13/08/1969,1,20
95,14/08/1969,1,21.2
96,07/07/1970,1,20.2
97,11/07/1970,1,20.3
98,12/07/1970,1,20.1
99,23/07/1970,1,20
100,13/08/1970,1,20.6
101,17/08/1970,1,20
102,30/07/1971,1,20
103,03/08/1971,1,20
104,17/08/1971,1,20.8
105,18/08/1971,1,20
106,25/08/1971,1,21.4
107,23/07/1972,1,20.4
108,24/07/1972,1,20
109,27/07/1972,1,20.7
110,07/08/1972,1,20.4
111,01/07/1973,1,20.2
112,12/07/1973,1,20.4
113,09/08/1973,1,20.7
114,11/08/1973,1,21.2
115,12/08/1973,1,20.4
116,13/08/1973,1,21
117,14/08/1973,1,21
118,01/07/1974,1,20
119,27/07/1974,1,20.2
120,02/08/1974,1,20.6
121,03/08/1974,1,20.4
122,29/06/1975,1,20
123,29/07/1975,1,20.4
124,30/07/1975,1,20.6
125,31/07/1975,1,21.2
126,01/08/1975,1,22
127,02/08/1975,1,20
128,03/08/1975,1,20.6
129,04/08/1975,1,20.6
130,05/08/1975,1,20.4
131,07/08/1975,1,20.4
132,08/08/1975,1,21.4
133,24/06/1976,1,20.6
134,25/06/1976,1,20.2
135,04/07/1976,1,20
136,15/07/1976,1,20
137,16/07/1976,1,20.8
138,30/07/1976,1,20.4
139,05/08/1976,1,21.4
140,06/08/1976,1,20.2
141,14/08/1977,1,20.2
142,15/07/1978,1,22.6
143,21/08/1978,1,20
144,23/08/1978,1,21.2
145,24/08/1978,1,20
146,09/07/1979,1,21.6
147,10/07/1979,1,20.2
148,27/07/1979,1,22.4
149,28/07/1979,1,22.4
150,29/07/1979,1,21.6
151,01/08/1979,1,20
152,05/08/1979,1,20
153,14/08/1979,1,21.4
154,02/08/1980,1,21.4
155,03/08/1980,1,20.8
156,04/08/1980,1,20
157,05/08/1980,1,20.4
158,07/08/1980,1,21.8
159,12/08/1980,1,20
160,14/08/1980,1,21
161,22/08/1980,1,24
162,23/08/1980,1,21
163,25/08/1980,1,20.8
164,12/06/1981,1,21.4
165,13/06/1981,1,20.4
166,14/06/1981,1,20.6
167,15/06/1981,1,21.4
168,16/06/1981,1,21
169,30/07/1981,1,20.8
170,31/07/1981,1,20.4
171,18/08/1981,1,20
172,19/08/1981,1,20.2
173,17/06/1982,1,20.4
174,21/06/1982,1,22
175,22/06/1982,1,20.6
176,25/06/1982,1,20
177,01/07/1982,1,20.4
178,02/07/1982,1,21.4
179,06/07/1982,1,21.4
180,07/07/1982,1,23.4
181,08/07/1982,1,24
182,09/07/1982,1,22.2
183,10/07/1982,1,20.6
184,11/07/1982,1,21.6
185,19/07/1982,1,21
186,20/07/1982,1,20.4
187,13/08/1982,1,20.6
188,15/08/1982,1,21
189,07/06/1983,1,20
190,09/07/1983,1,20.8
191,10/07/1983,1,20
192,12/07/1983,1,20.4
193,13/07/1983,1,21.6
194,14/07/1983,1,22.4
195,15/07/1983,1,21.4
196,16/07/1983,1,21.6
197,17/07/1983,1,21.2
198,18/07/1983,1,21
199,19/07/1983,1,21.2
200,20/07/1983,1,20.4
201,21/07/1983,1,21.6
202,22/07/1983,1,20.8
203,24/07/1983,1,20.4
204,25/07/1983,1,21
205,26/07/1983,1,21.6
206,27/07/1983,1,20.4
207,30/07/1983,1,20.6
208,31/07/1983,1,21.8
209,07/08/1983,1,20.6
210,08/08/1983,1,21.4
211,09/08/1983,1,21.2
212,26/09/1983,1,20.2
213,16/06/1984,1,20.2
214,09/07/1984,1,20.2
215,20/07/1984,1,20.6
216,24/07/1984,1,21
217,30/07/1984,1,20.2
218,08/07/1985,1,22.8
219,13/07/1985,1,20.4
220,14/07/1985,1,20.6
221,18/07/1985,1,20.4
222,23/07/1985,1,22
223,24/07/1985,1,21
224,25/07/1985,1,21.8
225,26/07/1985,1,20.2
226,29/07/1985,1,20
227,12/08/1985,1,20.4
228,19/08/1985,1,20.6
229,26/06/1986,1,21.2
230,05/07/1986,1,20
231,11/07/1986,1,20
232,29/07/1986,1,20
233,30/07/1986,1,20
234,02/08/1986,1,20.8
235,03/08/1986,1,20.6
236,09/08/1986,1,20
237,10/08/1986,1,20.6
238,14/08/1986,1,21.2
239,15/08/1986,1,21.2
240,16/08/1986,1,20.4
241,17/08/1986,1,20
242,18/08/1986,1,22.4
243,16/09/1986,1,20.2
244,29/06/1987,1,20.4
245,30/06/1987,1,20.2
246,01/07/1987,1,21
247,03/07/1987,1,21
248,04/07/1987,1,22
249,05/07/1987,1,21.8
250,06/07/1987,1,21.8
251,07/07/1987,1,21
252,08/07/1987,1,20
253,11/07/1987,1,20.6
254,12/07/1987,1,21.4
255,14/07/1987,1,20.6
256,04/08/1987,1,20.6
257,06/08/1987,1,21
258,11/08/1987,1,20
259,12/08/1987,1,22.2
260,13/08/1987,1,23.8
261,14/08/1987,1,22.6
262,15/08/1987,1,24
263,16/08/1987,1,23.8
264,17/08/1987,1,20.4
265,18/08/1987,1,21
266,19/08/1987,1,20
267,20/08/1987,1,22
268,21/08/1987,1,22
269,22/08/1987,1,20.6
270,30/08/1987,1,20.2
271,13/09/1987,1,20.5
272,22/07/1988,1,21.5
273,23/07/1988,1,22
274,26/07/1988,1,20
275,02/08/1988,1,21
276,07/08/1988,1,20
277,09/08/1988,1,20
278,10/08/1988,1,20.6
279,12/08/1988,1,20
280,14/08/1988,1,20.5
281,15/08/1988,1,22
282,16/08/1988,1,20.4
283,19/08/1988,1,20.2
284,28/08/1988,1,20
285,13/06/1989,1,20.2
286,17/06/1989,1,20.8
287,21/06/1989,1,21.5
288,22/06/1989,1,20.4
289,25/06/1989,1,20.5
290,26/06/1989,1,20.4
291,01/07/1989,1,20
292,05/07/1989,1,20.4
293,06/07/1989,1,20.2
294,18/07/1989,1,21.8
295,20/07/1989,1,22.6
296,21/07/1989,1,21.8
297,23/07/1989,1,20.2
298,30/07/1989,1,21.4
299,31/07/1989,1,21
300,03/08/1989,1,21
301,07/08/1989,1,21.4
302,08/08/1989,1,20.4
303,09/08/1989,1,21
304,10/08/1989,1,20.4
305,14/08/1989,1,21
306,15/08/1989,1,21.6
307,19/08/1989,1,20.6
308,21/08/1989,1,20.4
309,22/08/1989,1,21.6
310,24/08/1989,1,20.2
311,26/06/1990,1,20.7
312,29/06/1990,1,20
313,17/07/1990,1,20
314,18/07/1990,1,21
315,19/07/1990,1,20.5
316,20/07/1990,1,21
317,21/07/1990,1,21.2
318,22/07/1990,1,21.9
319,23/07/1990,1,23.7
320,24/07/1990,1,21
321,25/07/1990,1,20.5
322,26/07/1990,1,20.5
323,27/07/1990,1,20.5
324,01/08/1990,1,21.5
325,02/08/1990,1,21.5
326,03/08/1990,1,21.3
327,04/08/1990,1,20.8
328,05/08/1990,1,22.2
329,11/08/1990,1,20.4
330,12/08/1990,1,21
331,13/08/1990,1,20
332,20/08/1990,1,20
333,23/08/1990,1,20.5
334,24/08/1990,1,20.8
335,14/09/1990,1,21
336,24/06/1991,1,21.2
337,25/06/1991,1,21.5
338,08/07/1991,1,20
339,09/07/1991,1,21.9
340,10/07/1991,1,20.5
341,11/07/1991,1,22
342,12/07/1991,1,20
343,18/07/1991,1,21.6
344,19/07/1991,1,21.2
345,20/07/1991,1,20.4
346,21/07/1991,1,20.4
347,22/07/1991,1,20.4
348,29/07/1991,1,20.4
349,03/08/1991,1,20.7
350,04/08/1991,1,21.2
351,05/08/1991,1,21.3
352,06/08/1991,1,21.6
353,07/08/1991,1,21.4
354,14/08/1991,1,20.4
355,15/08/1991,1,20.3
356,16/08/1991,1,20
357,19/08/1991,1,20
358,20/08/1991,1,21.8
359,21/08/1991,1,20.4
360,22/08/1991,1,21.1
361,24/08/1991,1,21.1
362,25/08/1991,1,20.7
363,26/08/1991,1,22.4
364,27/08/1991,1,21.3
365,28/08/1991,1,20
366,30/08/1991,1,21.8
367,31/08/1991,1,21.6
368,10/09/1991,1,20.4
369,16/07/1992,1,20.4
370,18/07/1992,1,20.7
371,19/07/1992,1,21
372,20/07/1992,1,21
373,24/07/1992,1,20
374,26/07/1992,1,21.8
375,27/07/1992,1,22.2
376,28/07/1992,1,20
377,29/07/1992,1,21.6
378,30/07/1992,1,21.4
379,31/07/1992,1,21
380,01/08/1992,1,22
381,02/08/1992,1,20.2
382,03/08/1992,1,22.6
383,04/08/1992,1,20.4
384,05/08/1992,1,20.4
385,06/08/1992,1,23
386,07/08/1992,1,22
387,17/08/1992,1,22
388,18/08/1992,1,20.2
389,19/08/1992,1,21.4
390,23/08/1992,1,20.2
391,24/08/1992,1,21
392,25/08/1992,1,21.5
393,26/08/1992,1,20
394,28/06/1993,1,20.5
395,15/07/1993,1,20.2
396,16/07/1993,1,21.5
397,17/07/1993,1,20
398,29/07/1993,1,21.6
399,05/08/1993,1,24.3
400,06/08/1993,1,22.3
401,12/08/1993,1,20.6
402,16/08/1993,1,20
403,19/08/1993,1,20
404,20/08/1993,1,21.2
405,21/08/1993,1,21.8
406,22/08/1993,1,20.6
407,01/06/1994,1,21.8
408,29/06/1994,1,20
409,30/06/1994,1,20
410,01/07/1994,1,21
411,04/07/1994,1,23
412,05/07/1994,1,20.2
413,11/07/1994,1,20.8
414,15/07/1994,1,21.8
415,16/07/1994,1,20.7
416,17/07/1994,1,22.2
417,22/07/1994,1,20
418,23/07/1994,1,20
419,24/07/1994,1,20
420,25/07/1994,1,20.9
421,26/07/1994,1,20.4
422,27/07/1994,1,21.2
423,28/07/1994,1,21.6
424,29/07/1994,1,22.8
425,02/08/1994,1,21.6
426,03/08/1994,1,22.3
427,04/08/1994,1,21.5
428,05/08/1994,1,22.1
429,06/08/1994,1,23
430,07/08/1994,1,23
431,08/08/1994,1,21.4
432,09/08/1994,1,22.2
433,10/08/1994,1,20.6
434,22/08/1994,1,20.6
435,23/08/1994,1,21.4
436,28/08/1994,1,20.4
437,30/08/1994,1,20.7
438,21/06/1995,1,20.2
439,30/06/1995,1,20.5
440,08/07/1995,1,20.4
441,13/07/1995,1,21.7
442,16/07/1995,1,20.5
443,17/07/1995,1,21
444,19/07/1995,1,21.7
445,20/07/1995,1,23
446,21/07/1995,1,22.5
447,25/07/1995,1,20.4
448,29/07/1995,1,22.8
449,30/07/1995,1,20.6
450,31/07/1995,1,20.8
451,01/08/1995,1,22.6
452,02/08/1995,1,20.5
453,03/08/1995,1,20.6
454,04/08/1995,1,20.8
455,05/08/1995,1,20.9
456,06/08/1995,1,20
457,12/08/1995,1,20.2
458,13/08/1995,1,20.2
459,17/08/1995,1,20
460,18/08/1995,1,20.3
461,05/07/1996,1,21.2
462,18/07/1996,1,20.1
463,19/07/1996,1,21
464,22/07/1996,1,20.2
465,23/07/1996,1,20.8
466,24/07/1996,1,22.3
467,25/07/1996,1,20.1
468,04/08/1996,1,20.4
469,05/08/1996,1,20.3
470,06/08/1996,1,21.5
471,29/07/1997,1,20.6
472,30/07/1997,1,21.1
473,04/08/1997,1,20.9
474,16/08/1997,1,20.8
475,17/08/1997,1,20.7
476,20/08/1997,1,20.7
477,23/08/1997,1,20
478,24/08/1997,1,20.8
479,20/07/1998,1,21
480,21/07/1998,1,20
481,23/07/1998,1,21
482,12/08/1998,1,20.8
483,13/08/1998,1,20.6
484,15/08/1998,1,20
485,16/08/1998,1,20.4
486,17/08/1998,1,20.5
487,01/09/1998,1,20.6
488,02/09/1998,1,21.2
489,02/07/1999,1,21.5
490,03/07/1999,1,21.2
491,17/07/1999,1,22.4
492,20/07/1999,1,20.6
493,21/07/1999,1,20.7
494,26/07/1999,1,21
495,02/08/1999,1,21.7
496,04/08/1999,1,20.7
497,05/08/1999,1,20.7
498,06/08/1999,1,21.7
499,07/08/1999,1,20.5
500,16/08/1999,1,20
501,22/08/1999,1,20.1
502,23/08/1999,1,20.5
503,24/08/1999,1,21.6
504,25/08/1999,1,24.2
505,26/08/1999,1,22.2
506,28/08/1999,1,20.4
507,02/09/1999,1,20.6
508,03/09/1999,1,21.5
509,28/06/2000,1,20.3
510,20/07/2000,1,20.9
511,21/07/2000,1,20
512,22/07/2000,1,20.3
513,31/07/2000,1,21.4
514,01/08/2000,1,21.2
515,14/08/2000,1,21
516,15/08/2000,1,20.4
517,16/08/2000,1,21
518,17/08/2000,1,21
519,18/08/2000,1,21.4
520,24/08/2000,1,20.1
521,25/08/2000,1,21.5
522,16/09/2000,1,20
523,22/06/2001,1,21.6
524,25/06/2001,1,20.9
525,02/07/2001,1,21.2
526,03/07/2001,1,20.5
527,26/07/2001,1,21.3
528,27/07/2001,1,20
529,31/07/2001,1,20.7
530,01/08/2001,1,21.5
531,02/08/2001,1,22.6
532,08/08/2001,1,21.4
533,12/08/2001,1,20.4
534,13/08/2001,1,21.2
535,22/08/2001,1,20.6
536,23/08/2001,1,20.5
537,24/08/2001,1,21.7
538,25/08/2001,1,20.6
539,26/08/2001,1,21.1
540,29/08/2001,1,20.6
541,22/06/2002,1,21
542,20/07/2002,1,21.3
543,21/07/2002,1,20.6
544,22/07/2002,1,20.2
545,28/07/2002,1,21.5
546,15/08/2002,1,21
547,18/08/2002,1,21.1
548,20/08/2002,1,20.8
549,10/06/2003,1,20
550,11/06/2003,1,20
551,12/06/2003,1,20.9
552,14/06/2003,1,21
553,15/06/2003,1,23.4
554,16/06/2003,1,21.6
555,20/06/2003,1,21.2
556,23/06/2003,1,20.6
557,24/06/2003,1,23
558,25/06/2003,1,22.1
559,26/06/2003,1,20.8
560,29/06/2003,1,21.7
561,30/06/2003,1,21.8
562,01/07/2003,1,20.4
563,09/07/2003,1,22.5
564,10/07/2003,1,20.8
565,11/07/2003,1,22.6
566,12/07/2003,1,22
567,13/07/2003,1,21
568,14/07/2003,1,21
569,15/07/2003,1,21.2
570,18/07/2003,1,21.1
571,20/07/2003,1,20.7
572,21/07/2003,1,20.9
573,26/07/2003,1,22.3
574,30/07/2003,1,20.5
575,31/07/2003,1,20.3
576,02/08/2003,1,20.4
577,03/08/2003,1,21.4
578,04/08/2003,1,21.5
579,05/08/2003,1,21.2
580,06/08/2003,1,21.4
581,07/08/2003,1,21.1
582,08/08/2003,1,20.7
583,09/08/2003,1,21.5
584,10/08/2003,1,22.3
585,11/08/2003,1,21
586,12/08/2003,1,21.4
587,13/08/2003,1,21
588,14/08/2003,1,20.6
589,15/08/2003,1,22
590,16/08/2003,1,20.2
591,20/08/2003,1,21.5
592,25/08/2003,1,21.3
593,26/08/2003,1,21.6
594,27/08/2003,1,20
595,28/08/2003,1,20
596,26/06/2004,1,20.4
597,27/06/2004,1,22.5
598,28/06/2004,1,20.6
599,30/06/2004,1,20.7
600,21/07/2004,1,21.4
601,22/07/2004,1,21.8
602,23/07/2004,1,22
603,24/07/2004,1,23.2
604,25/07/2004,1,21
605,31/07/2004,1,20.8
606,01/08/2004,1,21.8
607,02/08/2004,1,21.2
608,07/08/2004,1,21.2
609,09/08/2004,1,20.8
610,10/08/2004,1,20.5
611,12/08/2004,1,22
612,15/08/2004,1,21.6
613,16/08/2004,1,21.4
614,17/08/2004,1,20
615,19/08/2004,1,20
616,23/08/2004,1,21.1
617,01/09/2004,1,21.2
618,02/09/2004,1,21.3
619,05/09/2004,1,23.4
620,06/09/2004,1,21.1
621,08/09/2004,1,21.2
622,09/09/2004,1,21
623,13/09/2004,1,20
624,18/06/2005,1,20.2
625,20/06/2005,1,22
626,23/06/2005,1,20.9
627,25/06/2005,1,20
628,26/06/2005,1,21.4
629,27/06/2005,1,21
630,03/07/2005,1,21.5
631,14/07/2005,1,21
632,15/07/2005,1,21.9
633,16/07/2005,1,21
634,22/07/2005,1,20.8
635,25/07/2005,1,21.4
636,26/07/2005,1,21.1
637,27/07/2005,1,22.5
638,28/07/2005,1,22.4
639,08/08/2005,1,21.5
640,09/08/2005,1,21.8
641,10/08/2005,1,20.9
642,11/08/2005,1,20.4
643,17/08/2005,1,20.3
644,03/09/2005,1,20.2
645,28/05/2006,1,20.2
646,01/07/2006,1,21.4
647,02/07/2006,1,23.5
648,03/07/2006,1,20.1
649,04/07/2006,1,20.2
650,09/07/2006,1,21.7
651,10/07/2006,1,21.5
652,11/07/2006,1,21.5
653,12/07/2006,1,20.6
654,13/07/2006,1,21
655,14/07/2006,1,21.5
656,15/07/2006,1,23.8
657,16/07/2006,1,21.6
658,17/07/2006,1,21.5
659,18/07/2006,1,22.4
660,21/07/2006,1,21.7
661,22/07/2006,1,22.8
662,23/07/2006,1,21.4
663,24/07/2006,1,22.5
664,25/07/2006,1,23.7
665,26/07/2006,1,22
666,30/07/2006,1,20.2
667,31/07/2006,1,21.7
668,01/08/2006,1,21.4
669,03/08/2006,1,20.3
670,02/09/2006,1,20
671,04/09/2006,1,20.5
672,05/09/2006,1,21.5
673,06/09/2006,1,21
674,07/09/2006,1,20.8
675,10/09/2006,1,20
676,09/06/2007,1,20
677,14/07/2007,1,20
678,28/07/2007,1,20.4
679,01/08/2007,1,20.9
680,15/08/2007,1,20.4
681,28/08/2007,1,20.4
682,20/06/2008,1,20.2
683,21/06/2008,1,20.6
684,05/07/2008,1,20
685,09/07/2008,1,20.4
686,10/07/2008,1,20.8
687,24/07/2008,1,20.9
688,26/07/2008,1,21.3
689,27/07/2008,1,20.6
690,28/07/2008,1,20.4
691,30/07/2008,1,21.5
692,01/08/2008,1,20.1
693,04/08/2008,1,23.5
694,05/08/2008,1,21
695,11/08/2008,1,21
696,27/08/2008,1,21.8
697,05/09/2008,1,20.6
698,11/06/2009,1,21.1
699,13/06/2009,1,20.2
700,14/06/2009,1,24.7
701,17/06/2009,1,20
702,18/06/2009,1,21
703,29/06/2009,1,20.5
704,30/06/2009,1,22.5
705,01/07/2009,1,21.5
706,02/07/2009,1,22
707,03/07/2009,1,20.5
708,04/07/2009,1,21.5
709,05/07/2009,1,20.1
710,12/07/2009,1,21
711,13/07/2009,1,20.7
712,14/07/2009,1,20
713,16/07/2009,1,20.6
714,20/07/2009,1,20
715,22/07/2009,1,20.1
716,23/07/2009,1,23.3
717,29/07/2009,1,20
718,05/08/2009,1,22.2
719,06/08/2009,1,20.2
720,07/08/2009,1,20
721,12/08/2009,1,20.2
722,13/08/2009,1,20.6
723,14/08/2009,1,20.8
724,15/08/2009,1,20
725,16/08/2009,1,20.4
726,17/08/2009,1,20.8
727,18/08/2009,1,21.5
728,21/08/2009,1,20.5
729,23/08/2009,1,20
730,24/08/2009,1,20.5
731,25/08/2009,1,20.2
732,27/08/2009,1,21.2
733,28/08/2009,1,20
734,01/09/2009,1,20.6
735,02/09/2009,1,20
736,03/09/2009,1,20.5
737,07/09/2009,1,20.5
738,26/06/2010,1,21.2
739,27/06/2010,1,20.4
740,29/06/2010,1,20.8
741,01/07/2010,1,20.3
742,02/07/2010,1,22.7
743,03/07/2010,1,20.2
744,04/07/2010,1,21.4
745,08/07/2010,1,23
746,09/07/2010,1,23.7
747,10/07/2010,1,21.5
748,11/07/2010,1,23.8
749,12/07/2010,1,21.5
750,13/07/2010,1,20.8
751,14/07/2010,1,21.1
752,16/07/2010,1,21.4
753,19/07/2010,1,21
754,20/07/2010,1,21.5
755,21/07/2010,1,20
756,28/07/2010,1,20
757,29/07/2010,1,20.2
758,01/08/2010,1,22
759,02/08/2010,1,20.5
760,08/08/2010,1,20.4
761,09/08/2010,1,21.8
762,11/08/2010,1,20.8
763,18/08/2010,1,20.2
764,21/08/2010,1,20.5
765,22/08/2010,1,22.5
766,23/08/2010,1,22.2
767,24/08/2010,1,23
768,26/08/2010,1,23
769,27/08/2010,1,22
770,06/09/2010,1,20.5
771,21/06/2011,1,20.5
772,26/06/2011,1,21.6
773,27/06/2011,1,22
774,10/07/2011,1,21.4
775,02/08/2011,1,21.2
776,03/08/2011,1,21.1
777,04/08/2011,1,20.4
778,05/08/2011,1,22
779,06/08/2011,1,20.2
780,13/08/2011,1,21
781,14/08/2011,1,20.9
782,15/08/2011,1,21
783,16/08/2011,1,20.6
784,17/08/2011,1,21.8
785,18/08/2011,1,20.6
786,19/08/2011,1,20.6
787,20/08/2011,1,22.4
788,21/08/2011,1,21.5
789,22/08/2011,1,22.8
790,23/08/2011,1,22.6
791,24/08/2011,1,21
792,31/08/2011,1,20.2
793,01/09/2011,1,21.3
794,10/09/2011,1,20.1
795,24/06/2012,1,20
796,26/06/2012,1,21
797,27/06/2012,1,22
798,28/06/2012,1,20.7
799,18/07/2012,1,20
800,26/07/2012,1,22.8
801,27/07/2012,1,20.1
802,31/07/2012,1,21
803,09/08/2012,1,20
804,10/08/2012,1,22.5
805,11/08/2012,1,21.9
806,12/08/2012,1,20.5
807,14/08/2012,1,21.5
808,15/08/2012,1,21.1
809,17/08/2012,1,21.4
810,18/08/2012,1,23.5
811,19/08/2012,1,24.5
812,20/08/2012,1,23.5
813,21/08/2012,1,22.5
814,22/08/2012,1,21.6
815,23/08/2012,1,21.2
816,28/08/2012,1,21.4
817,29/08/2012,1,21.5
818,03/07/2013,1,20.3
819,06/07/2013,1,20.4
820,07/07/2013,1,21.5
821,08/07/2013,1,21.1
822,09/07/2013,1,21.4
823,12/07/2013,1,20.6
824,18/07/2013,1,20.4
825,19/07/2013,1,20.3
826,20/07/2013,1,21.5
827,23/07/2013,1,20.9
828,24/07/2013,1,20
829,25/07/2013,1,22.5
830,26/07/2013,1,21.4
831,27/07/2013,1,22.5
832,28/07/2013,1,20.8
833,01/08/2013,1,21.6
834,02/08/2013,1,21.6
835,03/08/2013,1,20.8
836,04/08/2013,1,21
837,05/08/2013,1,21.2
838,06/08/2013,1,20.2
839,12/08/2013,1,20.7
840,16/08/2013,1,20.6
841,19/08/2013,1,20.6
842,22/08/2013,1,20.2
843,03/10/2013,1,20.1
844,16/07/2014,1,21.8
845,17/07/2014,1,22
846,18/07/2014,1,22.2
847,19/07/2014,1,21.7
848,24/07/2014,1,20.7
849,25/07/2014,1,20.3
850,26/07/2014,1,21.5
851,27/07/2014,1,20.6
852,28/07/2014,1,20.4
853,01/08/2014,1,20.8
854,07/08/2014,1,20.8
855,08/08/2014,1,22.6
856,09/08/2014,1,21.7
857,10/08/2014,1,20.3
858,26/08/2014,1,20
859,27/08/2014,1,22.4
860,28/08/2014,1,20.8
861,29/08/2014,1,20.6
862,04/09/2014,1,22.1
863,05/09/2014,1,20.5
864,06/09/2014,1,20
865,07/09/2014,1,21.2
866,10/09/2014,1,20.4
867,12/09/2014,1,21
868,08/06/2015,1,20
869,26/06/2015,1,20.1
870,27/06/2015,1,20.6
871,28/06/2015,1,22.5
872,29/06/2015,1,20.2
873,30/06/2015,1,22.4
874,01/07/2015,1,23
875,02/07/2015,1,23.2
876,03/07/2015,1,23
877,04/07/2015,1,21.5
878,05/07/2015,1,22.2
879,06/07/2015,1,21.7
880,07/07/2015,1,23.2
881,11/07/2015,1,20
882,14/07/2015,1,20.4
883,15/07/2015,1,21.8
884,16/07/2015,1,23
885,17/07/2015,1,22.2
886,18/07/2015,1,21.2
887,20/07/2015,1,23.5
888,21/07/2015,1,22
889,22/07/2015,1,20.5
890,23/07/2015,1,20.2
891,24/07/2015,1,22.4
892,27/07/2015,1,21.6
893,29/07/2015,1,21.5
894,03/08/2015,1,22.5
895,04/08/2015,1,20.2
896,05/08/2015,1,21.2
897,06/08/2015,1,21.1
898,07/08/2015,1,21.8
899,12/08/2015,1,23.8
900,13/08/2015,1,20.9
901,21/08/2015,1,20.4
902,22/08/2015,1,22.6
903,23/08/2015,1,20.9
904,26/08/2015,1,20
905,27/08/2015,1,20.5
906,28/08/2015,1,20
907,29/08/2015,1,21.6
908,30/08/2015,1,21.2
909,31/08/2015,1,20
910,09/06/2016,1,21.4
911,24/06/2016,1,20.1
912,01/07/2016,1,20
913,05/07/2016,1,20
914,06/07/2016,1,20
915,07/07/2016,1,22
916,08/07/2016,1,21.5
917,09/07/2016,1,20.2
918,10/07/2016,1,22.4
919,11/07/2016,1,21.4
920,19/07/2016,1,20.4
921,20/07/2016,1,21.3
922,27/07/2016,1,20.4
923,30/07/2016,1,21.6
924,31/07/2016,1,20.1
925,03/08/2016,1,21.4
926,04/08/2016,1,21.2
927,05/08/2016,1,20.2
928,17/08/2016,1,20.2
929,18/08/2016,1,20.5
930,19/08/2016,1,20
931,23/08/2016,1,20
932,28/08/2016,1,21.4
933,29/08/2016,1,20
934,01/09/2016,1,20.2
935,02/09/2016,1,20.5
936,03/09/2016,1,22.4
937,04/09/2016,1,21.5
938,05/09/2016,1,24
939,06/09/2016,1,21.8
940,08/09/2016,1,21
941,09/09/2016,1,20.2
942,12/09/2016,1,21.2
943,11/06/2017,1,20.4
944,12/06/2017,1,20.1
945,13/06/2017,1,20.6
946,14/06/2017,1,20.9
947,15/06/2017,1,22.1
948,16/06/2017,1,20.1
949,17/06/2017,1,20.8
950,18/06/2017,1,22.2
951,19/06/2017,1,22.2
952,20/06/2017,1,20.7
953,21/06/2017,1,22
954,22/06/2017,1,22.6
955,23/06/2017,1,21.7
956,24/06/2017,1,20.1
957,06/07/2017,1,21.2
958,12/07/2017,1,21.8
959,13/07/2017,1,20.2
960,17/07/2017,1,22
961,18/07/2017,1,22
962,19/07/2017,1,21.5
963,28/07/2017,1,21.3
964,29/07/2017,1,21.4
965,30/07/2017,1,22.3
966,31/07/2017,1,20.6
967,01/08/2017,1,20.1
968,02/08/2017,1,20.9
969,03/08/2017,1,22.9
970,04/08/2017,1,23
971,05/08/2017,1,20.2
972,07/08/2017,1,20.2
973,14/08/2017,1,20.2
974,15/08/2017,1,20.4
975,16/08/2017,1,20
976,18/08/2017,1,21.6
977,22/08/2017,1,20.9
978,23/08/2017,1,21.6
979,25/08/2017,1,20.5
980,26/08/2017,1,21.7
981,22/06/2018,1,21
982,27/06/2018,1,21
983,03/07/2018,1,21.3
984,04/07/2018,1,20.9
985,08/07/2018,1,20.3
986,10/07/2018,1,21.1
987,13/07/2018,1,20.1
988,14/07/2018,1,20.9
989,15/07/2018,1,20.8
990,16/07/2018,1,20.6
991,18/07/2018,1,20.7
992,24/07/2018,1,22
993,25/07/2018,1,21.6
994,26/07/2018,1,21.8
995,27/07/2018,1,22.1
996,28/07/2018,1,22.4
997,29/07/2018,1,20.4
998,30/07/2018,1,22
999,31/07/2018,1,23.7
1000,01/08/2018,1,21.8
1001,02/08/2018,1,22.3
1002,03/08/2018,1,23.6
1003,04/08/2018,1,23.8
1004,05/08/2018,1,22.8
1005,06/08/2018,1,22.9
1006,07/08/2018,1,22.2
1007,08/08/2018,1,21.3
1008,11/08/2018,1,20
1009,22/08/2018,1,20.1
1010,23/08/2018,1,21.7
